kind,name,year,product,wiki_name,has_page,page_url,has_coo_factory_mould_details,verified_coo_choices,detail_note,gap
figure,Luke Skywalker,1977,38180,Luke Skywalker,yes,https://www.variantvillain.com/characters/sw/luke-skywalker/,yes,yes,,ok
figure,Princess Leia Organa,1977,38190,Princess Leia,yes,https://www.variantvillain.com/characters/sw/princess-leia-organa/,yes,yes,,ok
figure,R2-D2 (Artoo-Detoo),1977,38200,Artoo-Detoo (R2-D2),yes,https://www.variantvillain.com/characters/sw/r2-d2/,yes,yes,,ok
figure,Chewbacca,1977,38210,Chewbacca,yes,https://www.variantvillain.com/characters/sw/chewbacca/,yes,yes,,ok
figure,C-3PO,1977,38220,See-Threepio (C-3PO),yes,https://www.variantvillain.com/characters/sw/c-3po/,yes,yes,,ok
figure,Darth Vader,1977,38230,Darth Vader,yes,https://www.variantvillain.com/characters/sw/darth-vader/,yes,yes,,ok
figure,Imperial Stormtrooper,1977,38240,Stormtrooper,yes,https://www.variantvillain.com/characters/sw/stormtrooper/,yes,yes,,ok
figure,Ben (Obi-Wan) Kenobi,1977,38250,Ben (Obi-Wan) Kenobi,yes,https://www.variantvillain.com/characters/sw/ben-obi-wan-kenobi/,yes,yes,,ok
figure,Han Solo,1977,38260,Han Solo,yes,https://www.variantvillain.com/characters/sw/han-solo/,yes,yes,,ok
figure,Jawa,1977,38270,Jawa,yes,https://www.variantvillain.com/characters/sw/jawa/,yes,yes,,ok
figure,Tusken Raider (Sand People),1977,38280,Sand People,yes,https://www.variantvillain.com/characters/sw/sand-people/,yes,yes,,ok
figure,Death Squad Commander,1977,38290,Death Squad Commander,yes,https://www.variantvillain.com/characters/sw/death-squad-commander/,yes,yes,,ok
figure,Greedo,1978,39020,Greedo,yes,https://www.variantvillain.com/characters/sw/greedo/,yes,yes,,ok
figure,Hammerhead,1978,39030,Hammerhead,yes,https://www.variantvillain.com/characters/sw/hammerhead/,yes,yes,,ok
figure,Snaggletooth,1978,39040,Snaggletooth,yes,https://www.variantvillain.com/characters/sw/snaggletooth/,yes,yes,,ok
figure,Walrus Man,1978,39050,Walrus Man,yes,https://www.variantvillain.com/characters/sw/walrusman/,yes,yes,,ok
figure,Luke Skywalker (X-Wing Pilot),1978,39060,Luke Skywalker: X-wing Pilot,yes,https://www.variantvillain.com/characters/sw/luke-skywalker-x-wing-pilot/,yes,yes,,ok
figure,R5-D4,1978,39070,R5-D4,yes,https://www.variantvillain.com/characters/sw/r5-d4/,yes,yes,,ok
figure,Death Star Droid,1978,39080,Death Star Droid,yes,https://www.variantvillain.com/characters/sw/death-star-droid/,yes,yes,,ok
figure,Power Droid,1978,39090,Power Droid,yes,https://www.variantvillain.com/characters/sw/power-droid/,yes,yes,,ok
figure,Boba Fett,1979,39250,Boba Fett,yes,https://www.variantvillain.com/characters/sw/boba-fett/,yes,yes,,ok
figure,Leia Organa (Bespin Gown),1980,39720,Leia Organa (Bespin Gown),yes,https://www.variantvillain.com/characters/esb/leia-organa-bespin-gown/,yes,yes,,ok
figure,FX-7,1980,39730,FX-7,yes,https://www.variantvillain.com/characters/esb/fx-7/,yes,yes,,ok
figure,Imperial Stormtrooper (Hoth Battle Gear),1980,39740,Imperial Stormtrooper (Hoth Battle Gear),yes,https://www.variantvillain.com/characters/esb/imperial-stormtrooper-hoth-battle-gear/,yes,yes,,ok
figure,Rebel Soldier (Hoth Battle Gear),1980,39750,Rebel Soldier (Hoth Battle Gear),yes,https://www.variantvillain.com/characters/esb/rebel-soldier-hoth-battle-gear/,yes,yes,,ok
figure,Bossk,1980,39760,Bossk (Bounty Hunter),yes,https://www.variantvillain.com/characters/esb/bossk/,yes,yes,,ok
figure,IG-88,1980,39770,IG-88,yes,https://www.variantvillain.com/characters/esb/ig-88/,yes,yes,,ok
figure,Luke Skywalker (Bespin Fatigues),1980,39780,Luke Skywalker (Bespin Fatigues),yes,https://www.variantvillain.com/characters/esb/luke-skywalker-bespin-fatigues/,yes,yes,,ok
figure,Han Solo (Hoth Outfit),1980,39790,Han Solo (Hoth Outfit),yes,https://www.variantvillain.com/characters/esb/han-solo-hoth-outfit/,yes,yes,,ok
figure,Lando Calrissian,1980,39800,Lando Calrissian,yes,https://www.variantvillain.com/characters/esb/lando-calrissian/,yes,yes,,ok
figure,Bespin Security Guard (White),1980,39810,Bespin Security Guard,yes,https://www.variantvillain.com/characters/esb/bespin-security-guard/,yes,yes,,ok
figure,Yoda,1980,38310,Yoda,yes,https://www.variantvillain.com/characters/esb/yoda/,yes,yes,,ok
figure,Ugnaught,1981,39319,Ugnaught,yes,https://www.variantvillain.com/characters/esb/ugnaught/,yes,yes,,ok
figure,Dengar,1981,39329,Dengar,yes,https://www.variantvillain.com/characters/esb/dengar/,yes,yes,,ok
figure,Han Solo (Bespin Outfit),1981,39339,Han Solo (Bespin Outfit),yes,https://www.variantvillain.com/characters/esb/han-solo-bespin-outfit/,yes,yes,,ok
figure,Lobot,1981,39349,Lobot,yes,https://www.variantvillain.com/characters/esb/lobot/,yes,yes,,ok
figure,Leia (Hoth Outfit),1981,39359,Leia (Hoth Outfit),yes,https://www.variantvillain.com/characters/esb/leia-hoth-outfit/,yes,yes,,ok
figure,Rebel Commander,1981,39369,Rebel Commander,yes,https://www.variantvillain.com/characters/esb/rebel-commander/,yes,yes,,ok
figure,AT-AT Driver,1981,39379,AT-AT Driver,yes,https://www.variantvillain.com/characters/esb/at-at-driver/,yes,yes,,ok
figure,Imperial Commander,1981,39389,Imperial Commander,yes,https://www.variantvillain.com/characters/esb/imperial-commander/,yes,yes,,ok
figure,2-1B,1981,39399,2-1B,yes,https://www.variantvillain.com/characters/esb/2-1b/,yes,yes,,ok
figure,R2-D2 (Sensorscope),1982,69420,Artoo-Detoo (R2-D2) (with Sensorscope),yes,https://www.variantvillain.com/characters/esb/r2-d2-sensorscope/,yes,yes,,ok
figure,C-3PO (Removable Limbs),1982,69430,C-3PO (Removable Limbs),yes,https://www.variantvillain.com/characters/esb/c-3po-removable-limbs/,yes,yes,,ok
figure,Luke Skywalker (Hoth Battle Gear),1982,69610,Luke Skywalker (Hoth Battle Gear),yes,https://www.variantvillain.com/characters/esb/luke-skywalker-hoth-battle-gear/,yes,yes,,ok
figure,At-At Commander,1982,69620,AT-AT Commander,yes,https://www.variantvillain.com/characters/esb/at-at-commander/,yes,yes,,ok
figure,(Twin-Pod) Cloud Car Pilot,1982,69630,(Twin-Pod) Cloud Car Pilot,yes,https://www.variantvillain.com/characters/esb/cloud-car-pilot/,yes,yes,,ok
figure,Bespin Security Guard (Black),1982,69640,Bespin Security Guard,yes,https://www.variantvillain.com/characters/esb/bespin-security-guard-2/,yes,yes,,ok
figure,4-LOM,1982,70010,4-LOM,yes,https://www.variantvillain.com/characters/esb/4-lom/,yes,yes,,ok
figure,Zuckuss,1982,70020,Zuckuss,yes,https://www.variantvillain.com/characters/esb/zuckuss/,yes,yes,,ok
figure,Imperial Tie Fighter Pilot,1982,70030,Imperial Tie Fighter Pilot,yes,https://www.variantvillain.com/characters/esb/imperial-tie-fighter-pilot/,yes,yes,,ok
figure,Admiral Ackbar,1982,70310,Admiral Ackbar,yes,https://www.variantvillain.com/characters/rotj/admiral-ackbar/,yes,yes,,ok
figure,Luke Skywalker (Jedi Knight Outfit),1983,70650,Luke Skywalker (Jedi Knight Outfit),yes,https://www.variantvillain.com/characters/rotj/luke-skywalker-jedi-knight-outfit/,yes,yes,,ok
figure,Princess Leia Organa (Boushh Disguise),1983,70660,Princess Leia Organa (Boushh Disguise),yes,https://www.variantvillain.com/characters/rotj/princess-leia-organa-boussh-disguise/,yes,yes,,ok
figure,Gamorrean Guard,1983,70670,Gamorrean Guard,yes,https://www.variantvillain.com/characters/rotj/gamorrean-guard/,yes,yes,,ok
figure,Emperor's Royal Guard,1983,70680,Emperor's Royal Guard,yes,https://www.variantvillain.com/characters/rotj/emperors-royal-guard/,yes,yes,,ok
figure,Chief Chirpa,1983,70690,Chief Chirpa,yes,https://www.variantvillain.com/characters/rotj/chief-chirpa/,yes,yes,,ok
figure,Logray (Ewok Medicine Man),1983,70710,Logray (Ewok Medicine Man),yes,https://www.variantvillain.com/characters/rotj/logray-ewok-medicine-man/,yes,yes,,ok
figure,Klaatu,1983,70730,Klaatu,yes,https://www.variantvillain.com/characters/rotj/klaatu/,yes,yes,,ok
figure,Rebel Commando,1983,70740,Rebel Commando,yes,https://www.variantvillain.com/characters/rotj/rebel-commando/,yes,yes,,ok
figure,Weequay,1983,70760,Weequay,yes,https://www.variantvillain.com/characters/rotj/weequay/,yes,yes,,ok
figure,Squid Head,1983,70770,Squid Head,yes,https://www.variantvillain.com/characters/rotj/squid-head/,yes,yes,,ok
figure,General Madine,1983,70780,General Madine,yes,https://www.variantvillain.com/characters/rotj/general-madine/,yes,yes,,ok
figure,Bib Fortuna,1983,70790,Bib Fortuna,yes,https://www.variantvillain.com/characters/rotj/bib-fortuna/,yes,yes,,ok
figure,Ree Yees,1983,70800,Ree-Yees,yes,https://www.variantvillain.com/characters/rotj/ree-yees/,yes,yes,,ok
figure,Biker Scout,1983,70820,Biker Scout,yes,https://www.variantvillain.com/characters/rotj/biker-scout/,yes,yes,,ok
figure,Lando Calrissian (Skiff Guard Disguise),1983,70830,Lando Calrissian (Skiff Guard Disguise),yes,https://www.variantvillain.com/characters/rotj/lando-calrissian-skiff-guard-disguise/,yes,yes,,ok
figure,Nien Nunb,1983,70840,Nien Nunb,yes,https://www.variantvillain.com/characters/rotj/nien-nunb/,yes,yes,,ok
figure,Nikto,1984,71190,Nikto,yes,https://www.variantvillain.com/characters/rotj/nikto/,yes,yes,,ok
figure,8D8,1984,71210,8D8,yes,https://www.variantvillain.com/characters/rotj/8d8/,yes,yes,,ok
figure,Princess Leia Organa (in Combat Poncho),1984,71220,Princess Leia Organa (in Combat Poncho),yes,https://www.variantvillain.com/characters/rotj/princess-leia-organa-in-combat-poncho/,yes,yes,,ok
figure,Wicket W. Warrick,1984,71230,Wicket W. Warrick,yes,https://www.variantvillain.com/characters/rotj/wicket-w-warrick/,yes,yes,,ok
figure,The Emperor,1984,71240,The Emperor,yes,https://www.variantvillain.com/characters/rotj/the-emperor/,yes,yes,,ok
figure,B-Wing Pilot,1984,71280,B-Wing Pilot,yes,https://www.variantvillain.com/characters/rotj/b-wing-pilot/,yes,yes,,ok
figure,Klaatu (in Skiff Guard Outfit),1984,71290,Klaatu (in Skiff Guard Outfit),yes,https://www.variantvillain.com/characters/rotj/klaatu-in-skiff-guard-outfit/,yes,yes,,ok
figure,Han Solo (in Trench Coat),1984,71300,Han Solo (in Trench Coat),yes,https://www.variantvillain.com/characters/rotj/han-solo-in-trench-coat/,yes,yes,,ok
figure,Teebo,1984,71310,Teebo,yes,https://www.variantvillain.com/characters/rotj/teebo/,yes,yes,,ok
figure,Prune Face,1984,71320,Prune Face,yes,https://www.variantvillain.com/characters/rotj/prune-face/,yes,yes,,ok
figure,AT-ST Driver,1984,71330,AT-ST Driver,yes,https://www.variantvillain.com/characters/rotj/at-st-driver/,yes,yes,,ok
figure,Rancor Keeper,1984,71350,Rancor Keeper,yes,https://www.variantvillain.com/characters/rotj/rancor-keeper/,yes,yes,,ok
figure,Lumat,1984,93670,Lumat,yes,https://www.variantvillain.com/characters/rotj/lumat/,yes,yes,,ok
figure,Paploo,1984,93680,Paploo,yes,https://www.variantvillain.com/characters/rotj/paploo/,yes,yes,,ok
figure,Luke Skywalker (in Battle Poncho),1985,93710,Luke Skywalker (in Battle Poncho),yes,https://www.variantvillain.com/characters/potf/luke-skywalker-in-battle-poncho/,yes,yes,,ok
figure,Artoo-Detoo (R2-D2) with pop-up Lightsaber,1985,93720,Artoo-Detoo (R2-D2) with pop-up Lightsaber,yes,https://www.variantvillain.com/characters/potf/artoo-detoo-r2-d2-with-pop-up-lightsaber/,yes,yes,,ok
figure,Romba,1985,93730,Romba,yes,https://www.variantvillain.com/characters/potf/romba/,yes,yes,,ok
figure,Amanaman,1985,93740,Amanaman,yes,https://www.variantvillain.com/characters/potf/amanaman/,yes,yes,,ok
figure,Barada,1985,93750,Barada,yes,https://www.variantvillain.com/characters/potf/barada/,yes,yes,,ok
figure,Imperial Gunner,1985,93760,Imperial Gunner,yes,https://www.variantvillain.com/characters/potf/imperial-gunner/,yes,yes,,ok
figure,Han Solo (in Carbonite Chamber),1985,93770,Han Solo (in Carbonite Chamber),yes,https://www.variantvillain.com/characters/potf/han-solo-in-carbonite-chamber/,yes,yes,,ok
figure,Luke Skywalker (Imperial Stormtrooper Outfit),1985,93780,Luke Skywalker (Imperial Stormtrooper Outfit),yes,https://www.variantvillain.com/characters/potf/luke-skywalker-imperial-stormtrooper-outfit/,yes,yes,,ok
figure,Anakin Skywalker,1985,93790,Anakin Skywalker,yes,https://www.variantvillain.com/characters/potf/anakin-skywalker-2/,yes,yes,,ok
figure,EV-9D9,1985,93800,EV-9D9,yes,https://www.variantvillain.com/characters/potf/ev-9d9/,yes,yes,,ok
figure,Warok,1985,93810,Warok,yes,https://www.variantvillain.com/characters/potf/warok/,yes,yes,,ok
figure,Lando Calrissian (General Pilot),1985,93820,Lando Calrissian (General Pilot),yes,https://www.variantvillain.com/characters/potf/lando-calrissian-general-pilot/,yes,yes,,ok
figure,A-Wing Pilot,1985,93830,A-Wing Pilot,yes,https://www.variantvillain.com/characters/potf/a-wing-pilot-2/,yes,yes,,ok
figure,Imperial Dignitary,1985,93850,Imperial Dignitary,yes,https://www.variantvillain.com/characters/potf/imperial-dignitary/,yes,yes,,ok
figure,Yak Face,1985,93840,Yak Face,yes,https://www.variantvillain.com/characters/potf/yak-face/,yes,yes,,ok
accessory,Pop-Up Saber,,,,yes,https://www.variantvillain.com/accessory-guide/pop-up-saber/,yes,,MOULD COMPARISON,ok
accessory,Double-Telescoping Lightsaber,,,,yes,https://www.variantvillain.com/accessory-guide/double-telescoping-lightsaber/,yes,,MOULD COMPARISON,ok
accessory,Telescoping Lightsaber,,,,yes,https://www.variantvillain.com/accessory-guide/telescoping-lightsaber/,yes,,MOULD COMPARISON,ok
accessory,Handheld Lightsaber,,,,yes,https://www.variantvillain.com/accessory-guide/handheld-lightsaber/,yes,,MOULD COMPARISON,ok
accessory,Leia Blaster,,,,yes,https://www.variantvillain.com/accessory-guide/leia-blaster/,yes,,MOULD COMPARISON,ok
accessory,Imperial Blaster,,,,yes,https://www.variantvillain.com/accessory-guide/imperial-blaster/,yes,,MOULD COMPARISON,ok
accessory,Rebel Blaster,,,,yes,https://www.variantvillain.com/accessory-guide/rebel-blaster/,yes,,MOULD COMPARISON,ok
accessory,Jawa Blaster,,,,yes,https://www.variantvillain.com/accessory-guide/jawa-blaster/,yes,,MOULD COMPARISON,ok
accessory,Bespin Blaster,,,,yes,https://www.variantvillain.com/accessory-guide/bespin-blaster/,yes,,MOULD COMPARISON,ok
accessory,Pilot Blaster,,,,yes,https://www.variantvillain.com/accessory-guide/pilot-blaster/,yes,,MOULD COMPARISON,ok
accessory,Palace Blaster,,,,yes,https://www.variantvillain.com/accessory-guide/palace-blaster/,yes,,MOULD COMPARISON,ok
accessory,Biker Scout Blaster,,,,yes,https://www.variantvillain.com/accessory-guide/biker-scout-blaster/,yes,,MOULD COMPARISON,ok
accessory,Endor Blaster,,,,yes,https://www.variantvillain.com/accessory-guide/endor-blaster/,yes,,MOULD COMPARISON,ok
accessory,Chewbacca Bowcaster,,,,yes,https://www.variantvillain.com/accessory-guide/chewbacca-bowcaster/,yes,,MOULD COMPARISON,ok
accessory,Imperial Hoth Rifle,,,,yes,https://www.variantvillain.com/accessory-guide/imperial-hoth-rifle/,yes,,MOULD COMPARISON,ok
accessory,Bossk Rifle,,,,yes,https://www.variantvillain.com/accessory-guide/bossk-rifle/,yes,,MOULD COMPARISON,ok
accessory,IG-88 Rifle,,,,yes,https://www.variantvillain.com/accessory-guide/ig-88-rifle/,yes,,MOULD COMPARISON,ok
accessory,Hoth Rebel Rifle,,,,yes,https://www.variantvillain.com/accessory-guide/hoth-rebel-rilfe/,yes,,MOULD COMPARISON,ok
accessory,AT-AT Driver Rifle,,,,yes,https://www.variantvillain.com/accessory-guide/at-at-driver-rifle/,yes,,MOULD COMPARISON,ok
accessory,Leia Boushh Rifle,,,,yes,https://www.variantvillain.com/accessory-guide/leia-boushh-rifle/,yes,,MOULD COMPARISON,ok
accessory,Ree Yees Rifle,,,,yes,https://www.variantvillain.com/accessory-guide/ree-yees-rifle/,yes,,MOULD COMPARISON,ok
accessory,Prune Face Rifle,,,,yes,https://www.variantvillain.com/accessory-guide/prune-face-rifle/,yes,,MOULD COMPARISON,ok
accessory,SA80 Rifle,,,,yes,https://www.variantvillain.com/accessory-guide/sa80-rifle/,yes,,M1: PALITOY,ok
accessory,Gamorrean Axe,,,,yes,https://www.variantvillain.com/accessory-guide/gamorrean-axe/,yes,,MOULD COMPARISON,ok
accessory,Amanaman Staff,,,,yes,https://www.variantvillain.com/accessory-guide/amanaman-staff/,yes,,MOULD COMPARISON,ok
accessory,Gaderffii Stick,,,,yes,https://www.variantvillain.com/accessory-guide/gaderffii-stick/,yes,,MOULD COMPARISON,ok
accessory,Teebo Axe,,,,yes,https://www.variantvillain.com/accessory-guide/teebo-axe/,yes,,MOULD COMPARISON,ok
accessory,Ackbar Staff,,,,yes,https://www.variantvillain.com/accessory-guide/ackbar-staff/,yes,,MOULD COMPARISON,ok
accessory,Emperor Cane,,,,yes,https://www.variantvillain.com/accessory-guide/emperor-cane/,yes,,MOULD COMPARISON,ok
accessory,Ewok Spear,,,,yes,https://www.variantvillain.com/accessory-guide/ewok-spear/,yes,,MOULD COMPARISON,ok
accessory,Emperor’s Royal Guard Pike,,,,yes,https://www.variantvillain.com/accessory-guide/erg-pike/,yes,,MOULD COMPARISON,ok
accessory,Yoda Cane,,,,yes,https://www.variantvillain.com/accessory-guide/yoda-cane/,yes,,MOULD COMPARISON,ok
accessory,General Madine Staff,,,,yes,https://www.variantvillain.com/accessory-guide/general-madine-staff/,yes,,MOULD COMPARISON,ok
accessory,Vibro Axe,,,,yes,https://www.variantvillain.com/accessory-guide/vibro-axe/,yes,,MOULD COMPARISON,ok
accessory,Bib Fortuna Staff,,,,yes,https://www.variantvillain.com/accessory-guide/bib-fortuna-staff/,yes,,MOULD COMPARISON,ok
accessory,2-1B Probe,,,,yes,https://www.variantvillain.com/accessory-guide/2-1b-probe/,yes,,F1: SMILE/ LILI LEDY (MIM),ok
accessory,Squid Head Belt,,,,yes,https://www.variantvillain.com/accessory-guide/squid-head-belt/,yes,,MOULD COMPARISON,ok
accessory,Bib Fortuna Belt,,,,yes,https://www.variantvillain.com/accessory-guide/bib-fortuna-belt/,yes,,MOULD COMPARISON,ok
accessory,Yoda Belt,,,,yes,https://www.variantvillain.com/accessory-guide/yoda-belt/,yes,,MOULD COMPARISON,ok
accessory,Leia Boushh Helmet,,,,yes,https://www.variantvillain.com/accessory-guide/leia-boushh-helmet/,yes,,MOULD COMPARISON,ok
accessory,Lando Skiff Helmet,,,,yes,https://www.variantvillain.com/accessory-guide/lando-skiff-helmet/,yes,,MOULD COMPARISON,ok
accessory,Teebo Headpiece,,,,yes,https://www.variantvillain.com/accessory-guide/teebo-hood/,yes,,MOULD COMPARISON,ok
accessory,Ugnaught Smock,,,,yes,https://www.variantvillain.com/accessory-guide/ugnaught-smock-guide/,yes,,– Unitoy,ok
accessory,Squid Head Skirt,,,,yes,https://www.variantvillain.com/accessory-guide/squid-head-skirt/,yes,,Kader,ok
accessory,Bib Fortuna Cloak,,,,yes,https://www.variantvillain.com/accessory-guide/bib-fortuna-cloak/,yes,,MI: Smile,ok
accessory,Luke Jedi Cloak,,,,yes,https://www.variantvillain.com/accessory-guide/luke-jedi-cloak/,yes,,– Unitoy,ok
accessory,Trench Coat (Han Endor),,,,yes,https://www.variantvillain.com/accessory-guide/han-endor-trench-coat/,yes,,MI: Smile,ok
accessory,Ben (Obi-Wan) Kenobi Cape,,,,yes,https://www.variantvillain.com/accessory-guide/ben-obi-wan-kenobi-cape/,yes,,MI: Kader,ok
accessory,Tusken Raider Cape,,,,yes,https://www.variantvillain.com/accessory-guide/tusken-raider-cape/,yes,,MI: Unitoy,ok
accessory,Darth Vader Cape,,,,yes,https://www.variantvillain.com/accessory-guide/darth-vader-cape/,yes,,MI: Kader,ok
accessory,Jawa Cloak,,,,yes,https://www.variantvillain.com/accessory-guide/jawa-cloak/,yes,,MI: Kader,ok
accessory,Jawa Vinyl Cape,,,,yes,https://www.variantvillain.com/accessory-guide/jawa-vinyl-cape/,yes,,M1: Kader,ok
accessory,Klaatu Skirt,,,,yes,https://www.variantvillain.com/accessory-guide/klaatu-skirt-2/,yes,,MOULD COMPARISON,ok
accessory,Princess Leia Organa Cape,,,,yes,https://www.variantvillain.com/accessory-guide/princess-leia-organa-cape/,yes,,MI: Kader,ok
accessory,Leia Bespin Cape,,,,yes,https://www.variantvillain.com/accessory-guide/leia-bespin-cape/,yes,,MI: Kader,ok
accessory,Hoth Trooper Skirt,,,,yes,https://www.variantvillain.com/accessory-guide/hoth-trooper-skirt/,yes,,MI: Smile,ok
accessory,Lando Calrissian Cape,,,,yes,https://www.variantvillain.com/accessory-guide/lando-calrissian-cape/,yes,,MI: Smile,ok
accessory,Ugnaught Case,,,,yes,https://www.variantvillain.com/accessory-guide/ugnaught-case/,yes,,MOULD COMPARISON,ok
accessory,C-3PO (Removable Limbs) Net,,,,yes,https://www.variantvillain.com/accessory-guide/c-3po-removable-limbs-net/,yes,,MOULD COMPARISON,ok
accessory,Commlink Guide,,,,yes,https://www.variantvillain.com/accessory-guide/commlink-guide/,yes,,MOULD COMPARISON,ok
accessory,2-1B Mouthpiece,,,,yes,https://www.variantvillain.com/accessory-guide/2-1b-mouthpiece/,yes,,MOULD COMPARISON,ok
accessory,Yoda Snake,,,,yes,https://www.variantvillain.com/accessory-guide/yoda-snake/,yes,,MOULD COMPARISON,ok
accessory,Teebo Battle Horn,,,,yes,https://www.variantvillain.com/accessory-guide/teebo-horn/,yes,,MOULD COMPARISON,ok
accessory,Carbonite Chamber,,,,yes,https://www.variantvillain.com/accessory-guide/carbonite-chamber/,yes,,MOULD COMPARISON,ok
accessory,Luke Skywalker — lightsaber,1977,38180,Luke Skywalker,no,,no,,Original bubble piece with no Variant Villain accessory-guide page.,accessory-no-page
accessory,Darth Vader — lightsaber,1977,38230,Darth Vader,no,,no,,Original bubble piece with no Variant Villain accessory-guide page.,accessory-no-page
accessory,Ben (Obi-Wan) Kenobi — lightsaber,1977,38250,Ben (Obi-Wan) Kenobi,no,,no,,Original bubble piece with no Variant Villain accessory-guide page.,accessory-no-page
accessory,Han Solo — blaster,1977,38260,Han Solo,no,,no,,Original bubble piece with no Variant Villain accessory-guide page.,accessory-no-page
accessory,Death Squad Commander — blaster,1977,38290,Death Squad Commander,no,,no,,Original bubble piece with no Variant Villain accessory-guide page.,accessory-no-page
accessory,Greedo — blaster,1978,39020,Greedo,no,,no,,Original bubble piece with no Variant Villain accessory-guide page.,accessory-no-page
accessory,Snaggletooth — blaster,1978,39040,Snaggletooth,no,,no,,Original bubble piece with no Variant Villain accessory-guide page.,accessory-no-page
accessory,Walrus Man — blaster,1978,39050,Walrus Man,no,,no,,Original bubble piece with no Variant Villain accessory-guide page.,accessory-no-page
accessory,Luke Skywalker (X-Wing Pilot) — lightsaber,1978,39060,Luke Skywalker: X-wing Pilot,no,,no,,Original bubble piece with no Variant Villain accessory-guide page.,accessory-no-page
accessory,Boba Fett — blaster,1979,39250,Boba Fett,no,,no,,Original bubble piece with no Variant Villain accessory-guide page.,accessory-no-page
accessory,Imperial Stormtrooper (Hoth Battle Gear) — skirt,1980,39740,Imperial Stormtrooper (Hoth Battle Gear),no,,no,,Original bubble piece with no Variant Villain accessory-guide page.,accessory-no-page
accessory,Luke Skywalker (Bespin Fatigues) — blaster,1980,39780,Luke Skywalker (Bespin Fatigues),no,,no,,Original bubble piece with no Variant Villain accessory-guide page.,accessory-no-page
accessory,Han Solo (Hoth Outfit) — blaster,1980,39790,Han Solo (Hoth Outfit),no,,no,,Original bubble piece with no Variant Villain accessory-guide page.,accessory-no-page
accessory,Lando Calrissian — blaster,1980,39800,Lando Calrissian,no,,no,,Original bubble piece with no Variant Villain accessory-guide page.,accessory-no-page
accessory,Dengar — rifle,1981,39329,Dengar,no,,no,,Original bubble piece with no Variant Villain accessory-guide page.,accessory-no-page
accessory,Han Solo (Bespin Outfit) — cape,1981,39339,Han Solo (Bespin Outfit),no,,no,,Original bubble piece with no Variant Villain accessory-guide page.,accessory-no-page
accessory,Han Solo (Bespin Outfit) — blaster,1981,39339,Han Solo (Bespin Outfit),no,,no,,Original bubble piece with no Variant Villain accessory-guide page.,accessory-no-page
accessory,Lobot — blaster,1981,39349,Lobot,no,,no,,Original bubble piece with no Variant Villain accessory-guide page.,accessory-no-page
accessory,R2-D2 (Sensorscope) — sensorscope,1982,69420,Artoo-Detoo (R2-D2) (with Sensorscope),no,,no,,Original bubble piece with no Variant Villain accessory-guide page.,accessory-no-page
accessory,Luke Skywalker (Hoth Battle Gear) — blaster,1982,69610,Luke Skywalker (Hoth Battle Gear),no,,no,,Original bubble piece with no Variant Villain accessory-guide page.,accessory-no-page
accessory,At-At Commander — blaster,1982,69620,AT-AT Commander,no,,no,,Original bubble piece with no Variant Villain accessory-guide page.,accessory-no-page
accessory,(Twin-Pod) Cloud Car Pilot — blaster,1982,69630,(Twin-Pod) Cloud Car Pilot,no,,no,,Original bubble piece with no Variant Villain accessory-guide page.,accessory-no-page
accessory,4-LOM — blaster,1982,70010,4-LOM,no,,no,,Original bubble piece with no Variant Villain accessory-guide page.,accessory-no-page
accessory,Zuckuss — blaster,1982,70020,Zuckuss,no,,no,,Original bubble piece with no Variant Villain accessory-guide page.,accessory-no-page
accessory,Luke Skywalker (Jedi Knight Outfit) — lightsaber,1983,70650,Luke Skywalker (Jedi Knight Outfit),no,,no,,Original bubble piece with no Variant Villain accessory-guide page.,accessory-no-page
accessory,Chief Chirpa — staff,1983,70690,Chief Chirpa,no,,no,,Original bubble piece with no Variant Villain accessory-guide page.,accessory-no-page
accessory,Logray (Ewok Medicine Man) — staff,1983,70710,Logray (Ewok Medicine Man),no,,no,,Original bubble piece with no Variant Villain accessory-guide page.,accessory-no-page
accessory,Weequay — pike,1983,70760,Weequay,no,,no,,Original bubble piece with no Variant Villain accessory-guide page.,accessory-no-page
accessory,Squid Head — rifle,1983,70770,Squid Head,no,,no,,Original bubble piece with no Variant Villain accessory-guide page.,accessory-no-page
accessory,Nien Nunb — blaster,1983,70840,Nien Nunb,no,,no,,Original bubble piece with no Variant Villain accessory-guide page.,accessory-no-page
accessory,Nikto — staff,1984,71190,Nikto,no,,no,,Original bubble piece with no Variant Villain accessory-guide page.,accessory-no-page
accessory,Wicket W. Warrick — spear,1984,71230,Wicket W. Warrick,no,,no,,Original bubble piece with no Variant Villain accessory-guide page.,accessory-no-page
accessory,Han Solo (in Trench Coat) — blaster,1984,71300,Han Solo (in Trench Coat),no,,no,,Original bubble piece with no Variant Villain accessory-guide page.,accessory-no-page
accessory,Teebo — hood,1984,71310,Teebo,no,,no,,Original bubble piece with no Variant Villain accessory-guide page.,accessory-no-page
accessory,AT-ST Driver — blaster,1984,71330,AT-ST Driver,no,,no,,Original bubble piece with no Variant Villain accessory-guide page.,accessory-no-page
accessory,Rancor Keeper — axe,1984,71350,Rancor Keeper,no,,no,,Original bubble piece with no Variant Villain accessory-guide page.,accessory-no-page
accessory,Lumat — bow,1984,93670,Lumat,no,,no,,Original bubble piece with no Variant Villain accessory-guide page.,accessory-no-page
accessory,Paploo — spear,1984,93680,Paploo,no,,no,,Original bubble piece with no Variant Villain accessory-guide page.,accessory-no-page
accessory,Luke Skywalker (in Battle Poncho) — blaster,1985,93710,Luke Skywalker (in Battle Poncho),no,,no,,Original bubble piece with no Variant Villain accessory-guide page.,accessory-no-page
accessory,Artoo-Detoo (R2-D2) with pop-up Lightsaber — lightsaber,1985,93720,Artoo-Detoo (R2-D2) with pop-up Lightsaber,no,,no,,Original bubble piece with no Variant Villain accessory-guide page.,accessory-no-page
accessory,Romba — bow,1985,93730,Romba,no,,no,,Original bubble piece with no Variant Villain accessory-guide page.,accessory-no-page
accessory,Barada — polearm,1985,93750,Barada,no,,no,,Original bubble piece with no Variant Villain accessory-guide page.,accessory-no-page
accessory,Luke Skywalker (Imperial Stormtrooper Outfit) — blaster,1985,93780,Luke Skywalker (Imperial Stormtrooper Outfit),no,,no,,Original bubble piece with no Variant Villain accessory-guide page.,accessory-no-page
accessory,Anakin Skywalker — lightsaber,1985,93790,Anakin Skywalker,no,,no,,Original bubble piece with no Variant Villain accessory-guide page.,accessory-no-page
accessory,Warok — bow,1985,93810,Warok,no,,no,,Original bubble piece with no Variant Villain accessory-guide page.,accessory-no-page
accessory,Lando Calrissian (General Pilot) — blaster,1985,93820,Lando Calrissian (General Pilot),no,,no,,Original bubble piece with no Variant Villain accessory-guide page.,accessory-no-page
accessory,Yak Face — staff,1985,93840,Yak Face,no,,no,,Original bubble piece with no Variant Villain accessory-guide page.,accessory-no-page
